{
  "timestamp": "20250812_023911",
  "environment": "EightCardDraw-v0",
  "random_agent": {
    "mean_reward": 0.5063675958188153,
    "std_reward": 0.3072081782040138,
    "min_reward": 0.0029482712409541678,
    "max_reward": 0.99906191369606,
    "mean_episode_length": 2.0,
    "win_rate": 0.505,
    "rewards": [
      0.8137228625033504,
      0.5100509246850711,
      0.2938890377914768,
      0.5837577057089253,
      0.23760385955507907,
      0.14634146341463414,
      0.27043688019297774,
      0.1582685607075851,
      0.2938890377914768,
      0.3998927901366926,
      0.017957652103993568,
      0.9233449477351916,
      0.7535513267220584,
      0.8189493433395872,
      0.0880461002412222,
      0.49772179040471726,
      0.8383811310640579,
      0.36625569552398823,
      0.47627981774323236,
      0.707451085499866,
      0.5493165371214151,
      0.5514607343875637,
      0.34548378450817474,
      0.9540337711069419,
      0.7396140444920932,
      0.29228088984186545,
      0.4080675422138837,
      0.9638166711337443,
      0.5400696864111498,
      0.9951755561511659,
      0.5733047440364514,
      0.3820691503618333,
      0.16255695523988206,
      0.33610292146877513,
      0.21133744304476013,
      0.12731171267756633,
      0.7015545430179576,
      0.9304476011793085,
      0.2673545966228893,
      0.04462610560171536,
      0.05655320289466631,
      0.09153042079871349,
      0.53444116858751,
      0.757169659608684,
      0.1303939962476548,
      0.9584561779683731,
      0.4154382203162691,
      0.18292682926829268,
      0.8558027338515143,
      0.7926829268292683,
      0.22929509514875368,
      0.012597158938622354,
      0.4843205574912892,
      0.7897346555883141,
      0.14044492093272581,
      0.758107745912624,
      0.7448405253283302,
      0.5632538193513803,
      0.9926293218976145,
      0.041811846689895474,
      0.9694451889573841,
      0.4781559903511123,
      0.12449745376574645,
      0.6975341731439293,
      0.5499865987670866,
      0.23559367461806485,
      0.8125167515411418,
      0.7325113910479765,
      0.9528276601447333,
      0.049986598767086575,
      0.5671401768962745,
      0.0029482712409541678,
      0.9035111230233182,
      0.20128651835968908,
      0.7589118198874296,
      0.16563923880997053,
      0.0838917180380595,
      0.4356740820155454,
      0.13736263736263737,
      0.4187885285446261,
      0.5837577057089253,
      0.41356204770838917,
      0.12262128115786652,
      0.3302063789868668,
      0.17488608952023585,
      0.7609220048244438,
      0.016617528812650766,
      0.09086035915304208,
      0.41141785044224066,
      0.3737603859555079,
      0.17984454569820424,
      0.8082283570088448,
      0.8193513803269901,
      0.004422406861431252,
      0.8913160010720986,
      0.01139104797641383,
      0.9883409273653176,
      0.44786920396676494,
      0.020101849370142054,
      0.7703028678638435,
      0.3440096488876977,
      0.2599839185205039,
      0.8367729831144465,
      0.8295363173411954,
      0.9328598231037255,
      0.012597158938622354,
      0.5085767890645939,
      0.3722862503350308,
      0.3885017421602787,
      0.8540605735727687,
      0.6562583757705709,
      0.9332618600911284,
      0.8650495845617797,
      0.5312248726882873,
      0.5643259179844545,
      0.82028946663093,
      0.9986598767086572,
      0.40297507370678104,
      0.21080139372822299,
      0.03430715625837577,
      0.9175824175824175,
      0.38501742160278746,
      0.26507638702760655,
      0.0029482712409541678,
      0.7697668185473063,
      0.3038059501474136,
      0.11819887429643527,
      0.99906191369606,
      0.07652103993567408,
      0.40123291342803535,
      0.7669525596354865,
      0.9501474135620477,
      0.8352988474939694,
      0.4372822299651568,
      0.21884213347627982,
      0.6404449209327258,
      0.8031358885017421,
      0.9348700080407397,
      0.8775127311712677,
      0.6294559099437148,
      0.6455373894398284,
      0.48753685339051195,
      0.9673009916912356,
      0.1841329402305012,
      0.9930313588850174,
      0.5257303671937819,
      0.8540605735727687,
      0.5868399892790137,
      0.6825247922808898,
      0.4993299383543286,
      0.7465826856070759,
      0.4989279013669258,
      0.9553738943982847,
      0.32792816939158403,
      0.909675690163495,
      0.5029482712409542,
      0.15062985794693112,
      0.9198606271777003,
      0.034575180916644334,
      0.14124899490753148,
      0.6593406593406593,
      0.9360761190029483,
      0.7645403377110694,
      0.7820959528276601,
      0.16215491825247924,
      0.36585365853658536,
      0.37831680514607346,
      0.2270168855534709,
      0.09220048244438489,
      0.16322701688555347,
      0.6452693647815599,
      0.7236665773251139,
      0.2853122487268829,
      0.32779415706244974,
      0.28330206378986866,
      0.6640310908603592,
      0.01902975073706781,
      0.9718574108818011,
      0.8168051460734388,
      0.6585365853658537,
      0.8165371214151702,
      0.7207183060841598,
      0.8953363709461271,
      0.8984186545162155,
      0.4441168587510051,
      0.7176360225140713,
      0.36384347359957114,
      0.2530152774055213,
      0.003350308228357009,
      0.7518091664433127,
      0.12811578665237203,
      0.6261056017153578,
      0.10037523452157598,
      0.6191369606003753,
      0.1090860359153042,
      0.8748324845885822,
      0.7669525596354865,
      0.6671133744304476,
      0.31908335566872154,
      0.6660412757973734
    ]
  },
  "heuristic_agent": {
    "mean_reward": 0.47828933261860085,
    "std_reward": 0.28130081664288,
    "min_reward": 0.00040203698740284106,
    "max_reward": 0.9899490753149289,
    "mean_episode_length": 2.0,
    "win_rate": 0.48,